[
  {
    "id": "victim-voice-1",
    "title": "Remembering Lila \u2014 More Than a Headline",
    "date": "2025-09-18",
    "type": "Victim-centered",
    "excerpt": "A look at the life behind the headlines \u2014 Lila\u2019s story and the gap left after the cameras left.",
    "content": "<p>Lila was more than the night the city talked about her. She was an accountant who loved crossword puzzles and Sunday market rice. When the news first broke, the world wanted a single explanation, a simple narrative. But grief isn't simple.</p>\n<p>This piece collects voices from her community and asks a difficult question: what mechanisms fail victims after the spotlight moves on?</p>"
  },
  {
    "id": "case-summary-1",
    "title": "The Market Robbery: What the Timeline Reveals",
    "date": "2025-08-02",
    "type": "Case summary",
    "excerpt": "A concise timeline of the market robbery that shook the east district and the discrepancies in official reports.",
    "content": "<p>On July 29, a market on Eko Road experienced a robbery that left two injured and several vendors shaken. Published police timelines show gaps; eyewitness accounts tell a different story. Here we map reported times and compare statements.</p>"
  },
  {
    "id": "reflect-1",
    "title": "Why We Tell Stories About Crime",
    "date": "2025-07-10",
    "type": "Reflection",
    "excerpt": "Crime stories are mirrors. They show the fractures in systems, and the spaces where empathy is needed most.",
    "content": "<p>Telling crime stories isn't about sensational details. It's about memory, community, and the attempt to make sense of harm. When done responsibly, it can spotlight neglect and spur change.</p>"
  }
]